{"cameraMode":{"drawMode":0,"name":"Shaded","section":"Shading Mode"},"sceneLighting":true,"audioPlay":false,"sceneViewState":{"showFog":true,"showMaterialUpdate":false,"showSkybox":true,"showFlares":true,"showImageEffects":true,"showParticleSystems":true},"in2DMode":false,"pivot":{"x":1012.1162719726563,"y":436.1819152832031,"z":1029.867919921875},"rotation":{"x":0.409612774848938,"y":-0.036927737295627597,"z":0.01660308986902237,"w":0.9113606214523315},"size":4858.869140625,"orthographic":true}